Member State,Year,Fund,Total Paid,Advance,Interim,Absorption (%)
Hungary,2009,ESF,258756414.94,145163542.04,113592872.9,12.23
France,2012,ERDF,568791886.98,0,568791886.98,43.73
Latvia,2011,TOTAL,512029237.32,0,512029237.32,36.43
Croatia,2008,ESF,0,0,0,0
Malta,2009,TOTAL,35313224.61,33604922.04,1708302.57,9.71
Latvia,2009,CF,96497506.23,61591062.12,34906444.11,12.77
Italy,2014,TOTAL,3703399756.63,0,3703399756.63,63.38
Sweden,2015,ESF,35129157.36,0,35129157.36,95
Latvia,2011,ESF,123458546.82,0,123458546.82,60.04
Portugal,2015,ERDF,420436721.26,0,420436721.26,94.96
Latvia,2007,CF,38494413.82,38494413.82,0,2.5
Croatia,2011,ERDF,11273732.65,4244850,7028882.65,9.7
Slovakia,2009,ERDF,275622159.4,238491129.24,37131030.16,9.41
United Kingdom,2007,ESF,89498354.56,89498354.56,0,1.99
Poland,2013,CF,3436723132.61,0,3436723132.61,60.13
Bulgaria,2015,TOTAL,1253665798.14,0,1253665798.14,85.24
Belgium,2007,TOTAL,35619716.7,35619716.7,0,1.73
Slovenia,2008,CF,56462794.32,56462794.32,0,6.5
Latvia,2008,TOTAL,151311194.55,151311194.55,0,5.51
Slovakia,2012,TOTAL,1522428893.76,0,1522428893.76,41.05
Czech republic,2014,ESF,308700892.1,0,308700892.1,66.68
Austria,2013,ERDF,90110163.13,0,90110163.13,55.75
Hungary,2007,ERDF,252994876.64,252994876.64,0,2
Latvia,2007,ESF,11013074.34,11013074.34,0,1.89
Estonia,2012,ERDF,249731877.97,0,249731877.97,63.3
Germany,2008,TOTAL,822140922.58,764658488.7,57482433.88,5.23
Estonia,2011,TOTAL,239059763.81,0,239059763.81,41.99
Estonia,2010,ERDF,338953866.44,0,338953866.44,41.1
Malta,2011,ERDF,44371148.66,0,44371148.66,25.69
Cyprus,2007,TOTAL,13314722.26,13314722.26,0,2.17
Spain,2007,ERDF,461143843.02,461143843.02,0,2
Greece,2016,ESF,217228289.99,0,217228289.99,100
Poland,2015,CF,3309367602.09,0,3309367602.09,95
Denmark,2013,TOTAL,46669932.01,0,46669932.01,54.41
Malta,2013,CF,33558306.13,0,33558306.13,52.07
Czech republic,2013,ESF,1027907861.91,0,1027907861.91,58.27
Slovenia,2009,ESF,33471219.15,30227974.8,3243244.35,9.43
Cyprus,2007,CF,5330112.1,5330112.1,0,2.5
Greece,2014,TOTAL,3780334441.33,0,3780334441.33,88.28
Romania,2010,TOTAL,505729070.16,278414365.28,227314704.88,13.17
Finland,2007,TOTAL,31919320.88,31919320.88,0,2
Poland,2009,CF,1585578331.94,887054150.96,698524180.98,13.52
Netherlands,2011,ESF,92952519.34,0,92952519.34,27.28
Ireland,2015,ESF,47060263.97,0,47060263.97,88.95
Belgium,2009,ESF,148960333.21,26830439.86,122129893.35,18.9
Denmark,2008,ESF,7643658.57,7643658.57,0,5
Finland,2013,ERDF,211287537.17,0,211287537.17,73.89
Netherlands,2014,TOTAL,278671420.11,0,278671420.11,80.64
Greece,2012,ESF,577688731.78,0,577688731.78,39.84
Malta,2010,CF,32538383.73,0,32538383.73,21.95
Lithuania,2011,ERDF,404172083.52,0,404172083.52,49.06
Hungary,2008,TOTAL,832324392.03,821452302.67,10872089.36,5.56
Finland,2010,ERDF,110903237.21,0,110903237.21,28.06
Hungary,2008,CF,333087331.18,333087331.18,0,6.51
Italy,2015,ESF,804485689.37,0,804485689.37,89.33
Belgium,2014,TOTAL,279761816.97,0,279761816.97,82.48
Slovakia,2014,ERDF,137719068.82,0,137719068.82,59.43
Germany,2011,ERDF,2225630490.51,0,2225630490.51,42.01
Romania,2012,ERDF,599559673.95,0,599559673.95,23.51
Slovakia,2013,TOTAL,1335221290.99,0,1335221290.99,52.68
Slovakia,2008,TOTAL,379805984.12,379805984.12,0,5.46
Czech republic,2011,CF,0,0,0,19.35
Slovakia,2011,ERDF,758911149.34,0,758911149.34,31.25
Romania,2009,TOTAL,909124666.96,768521468.48,140603198.48,10.48
Italy,2013,ERDF,4166478794.46,0,4166478794.46,45.76
Germany,2010,TOTAL,2845429397.28,0,2845429397.28,28.63
Cyprus,2012,TOTAL,42436822.32,0,42436822.32,44.31
Germany,2012,ESF,1256973889.99,0,1256973889.99,53.25
Croatia,2012,CF,12214446.04,0,12214446.04,12.18
Poland,2014,ESF,1532155871.2,0,1532155871.2,87.22
France,2015,ESF,993264429.72,0,993264429.72,92.72
Hungary,2012,TOTAL,2182955993.5,0,2182955993.5,43.93
Bulgaria,2007,ESF,23709197.26,23709197.26,0,2.01
Malta,2008,ERDF,13319340.93,13319340.93,0,5
Slovakia,2010,CF,401792477.09,0,401792477.09,20.87
Austria,2013,ESF,88834753.19,0,88834753.19,85.38
Finland,2015,ERDF,72164043.65,0,72164043.65,94.96
Slovakia,2015,CF,1232773554.14,0,1232773554.14,89.19
Finland,2011,ERDF,132292779.11,0,132292779.11,41.59
Bulgaria,2013,ERDF,435678301.15,0,435678301.15,52.53
Czech republic,2011,ERDF,1418437224.39,0,1418437224.39,32.96
Hungary,2011,TOTAL,3443346889.7,0,3443346889.7,35.04
Lithuania,2011,CF,357283657.36,0,357283657.36,46.66
Greece,2013,ERDF,2210489541.91,0,2210489541.91,71.77
Ireland,2008,ERDF,11260871.16,11260871.16,0,5
Slovakia,2007,CF,97468464.08,97468464.08,0,2.5
Austria,2008,ESF,15732376.8,15732376.8,0,5
Cyprus,2008,ESF,3593074.62,3593074.62,0,5
Italy,2008,TOTAL,927402780.17,927402780.17,0,5
Bulgaria,2011,ESF,87343988.45,0,87343988.45,20.08
Greece,2012,CF,619392948.7,0,619392948.7,46.03
France,2007,TOTAL,211145914.74,211145914.74,0,1.56
Croatia,2008,TOTAL,42705000,42705000,0,4.98
Slovenia,2013,CF,105042609.38,0,105042609.38,40.26
Bulgaria,2013,CF,142246524.32,0,142246524.32,42.68
Bulgaria,2014,CF,350480734.98,0,350480734.98,58.03
Estonia,2012,TOTAL,658762511.7,0,658762511.7,61.34
France,2013,ESF,976739864.07,0,976739864.07,59.73
Poland,2009,ESF,941503828.93,388287040,553216788.93,14.26
Italy,2010,ERDF,1110302471.08,0,1110302471.08,13.63
Malta,2014,ESF,15953135.65,0,15953135.65,69.43
Lithuania,2013,CF,360230623.77,0,360230623.77,77.69
Malta,2015,ERDF,37449766.55,0,37449766.55,83.09
Estonia,2010,ESF,79290962.29,15660693.16,63630269.13,39.31
Romania,2011,ERDF,415981335.4,0,415981335.4,16.74
United Kingdom,2014,ESF,318941460.59,0,318941460.59,70.15
Finland,2014,ERDF,133791750.08,0,133791750.08,87.58
United Kingdom,2007,ERDF,108320394.7,108320394.7,0,2.01
Greece,2010,CF,260137098.69,0,260137098.69,15.9
Luxembourg,2012,TOTAL,5667589.71,0,5667589.71,51.81
Austria,2008,ERDF,20401980.63,20401980.63,0,5.27
Slovakia,2015,ESF,360075996.99,0,360075996.99,93.85
Cyprus,2015,ERDF,18996143.99,0,18996143.99,95
Germany,2009,ERDF,1998385928.92,402699038.22,1595686890.7,17.52
United Kingdom,2008,ESF,134247531.84,134247531.84,0,4.98
Slovenia,2008,ESF,22670981.1,22670981.1,0,5
Italy,2015,TOTAL,4463666280.16,0,4463666280.16,79.35
Croatia,2007,TOTAL,0,0,0,0
Romania,2007,ESF,73682952.36,73682952.36,0,2.16
Hungary,2007,CF,208179582.01,208179582.01,0,2.5
Luxembourg,2011,TOTAL,12382086.43,0,12382086.43,40.58
Italy,2013,TOTAL,5405644722.61,0,5405644722.61,50.12
Bulgaria,2014,ERDF,427816742.11,0,427816742.11,66.19
Poland,2012,ESF,1657381687.52,0,1657381687.52,56.79
Malta,2008,TOTAL,28045141.73,28045141.73,0,5.51
Czech republic,2009,TOTAL,1725887142.92,1052104179.36,673782963.56,12.29
France,2013,TOTAL,2294477514.81,0,2294477514.81,59.95
Poland,2010,TOTAL,6850960263.85,0,6850960263.85,23.22
Finland,2007,ESF,12371281.28,12371281.28,0,2
Greece,2015,ESF,459633417.98,0,459633417.98,95.02
Hungary,2009,TOTAL,1839652587.88,984240626.52,855411961.36,13.05
Denmark,2011,ERDF,65794007.45,0,65794007.45,42.38
Portugal,2014,TOTAL,2979445343.53,0,2979445343.53,92.59
Poland,2014,CF,4497445613.92,0,4497445613.92,80.22
Hungary,2010,CF,559273795.68,166543665.6,392730130.08,19.88
Denmark,2010,ESF,21647823.33,0,21647823.33,22.86
Belgium,2012,ESF,193725178.08,0,193725178.08,50.53
Lithuania,2010,ERDF,367289939.84,0,367289939.84,37.32
Hungary,2007,TOTAL,533756229.67,533756229.67,0,2.17
Slovakia,2013,CF,551873200.1,0,551873200.1,47.23
Denmark,2012,TOTAL,35523500.62,0,35523500.62,45.25
Croatia,2008,CF,16049925,16049925,0,5.71
Lithuania,2014,ERDF,447994801.24,0,447994801.24,92.49
Ireland,2007,TOTAL,15014494.84,15014494.84,0,2
Czech republic,2009,ERDF,997552399.35,548362424.68,449189974.67,12.47
France,2015,ERDF,1154086088.09,0,1154086088.09,91.72
Bulgaria,2015,CF,513062506.1,0,513062506.1,80.51
Latvia,2014,TOTAL,712637779.61,0,712637779.61,81.69
Denmark,2007,ERDF,5095772.4,5095772.4,0,2
Austria,2009,TOTAL,165821272.72,30111964.54,135709308.18,19.32
Slovenia,2007,CF,35289246.45,35289246.45,0,2.5
Hungary,2009,ERDF,1029409537.08,505989753.28,523419783.8,13.22
Slovakia,2014,CF,403065761.11,0,403065761.11,57.57
Slovakia,2015,TOTAL,2895211353.76,0,2895211353.76,85.32
Spain,2014,ESF,336193645.2,0,336193645.2,68.21
Portugal,2015,CF,88053490.12,0,88053490.12,95
Slovenia,2012,TOTAL,545835639.13,0,545835639.13,50.31
Bulgaria,2009,CF,91321446.6,91321446.6,0,10.5
Lithuania,2015,CF,0,0,0,95
Slovakia,2012,ESF,247796910.76,0,247796910.76,40.25
Cyprus,2011,ESF,13194155.47,0,13194155.47,30.99
Germany,2010,ERDF,1717287948.18,0,1717287948.18,28.18
Netherlands,2007,ESF,16600054.74,16600054.74,0,2
Malta,2012,TOTAL,83300235.83,0,83300235.83,37.2
Belgium,2007,ERDF,14155364.82,14155364.82,0,1.43
Netherlands,2010,ERDF,82291614.83,0,82291614.83,18.67
Latvia,2007,TOTAL,98307835.44,98307835.44,0,2.17
Slovenia,2013,TOTAL,516215002.08,0,516215002.08,62.9
Estonia,2013,CF,322693433.25,0,322693433.25,82.07
Austria,2015,TOTAL,150288389.19,0,150288389.19,93.18
Belgium,2008,ERDF,35358793.78,35358793.78,0,5.02
Luxembourg,2013,ESF,4285659,0,4285659,67.43
Cyprus,2012,ERDF,19152925.98,0,19152925.98,41.91
Ireland,2011,ESF,67508279.17,0,67508279.17,60.43
Estonia,2012,CF,303519960.32,0,303519960.32,54.06
France,2009,TOTAL,1168711281.86,336230526.39,832480755.47,13.59
Ireland,2015,ERDF,29680587.76,0,29680587.76,90.96
Cyprus,2011,ERDF,21491196.04,0,21491196.04,35.06
Finland,2009,TOTAL,184114802.44,39899151.11,144215651.33,16.54
Hungary,2009,CF,551486635.86,333087331.2,218399304.66,13.15
France,2013,ERDF,1317737650.74,0,1317737650.74,60.1
Estonia,2013,TOTAL,678591038.78,0,678591038.78,81.28
Estonia,2008,CF,46069257.84,46069257.84,0,6.5
Malta,2010,ESF,5259247.04,0,5259247.04,13.76
Greece,2010,TOTAL,2270840607.59,0,2270840607.59,21.86
Cyprus,2011,TOTAL,68683927.95,0,68683927.95,37.39
Belgium,2013,ESF,228591506.41,0,228591506.41,71.85
Cyprus,2015,CF,22458137,0,22458137,86.2
Portugal,2007,ESF,130247757.3,130247757.3,0,1.9
EU28,2009,ERDF,13807625583.21,6097599768.31,7710025814.9,12.19
Hungary,2014,TOTAL,4201376911.53,0,4201376911.53,76.11
Bulgaria,2007,ERDF,64102644.32,64102644.32,0,2.05
Czech republic,2012,TOTAL,3110580771.91,0,3110580771.91,38.91
Estonia,2008,ERDF,55806333.18,55806333.18,0,5
Luxembourg,2014,ERDF,4156719.7,0,4156719.7,84.7
EU28,2009,CF,4231354402.92,2616005299.05,1615349103.87,12.36
Portugal,2008,CF,91798965.75,91798965.75,0,5
Luxembourg,2012,ERDF,1814097.87,0,1814097.87,53.16
Estonia,2012,ESF,105510673.41,0,105510673.41,73.49
Spain,2009,ESF,659886578.41,201433220.62,458453357.79,13.4
Austria,2009,ESF,109384414.29,13110314,96274100.29,25.86
France,2010,ERDF,821235127.04,0,821235127.04,22.75
EU28,2011,CF,5459897230.65,2460150,5457437080.65,28.23
United Kingdom,2011,ESF,417975758.51,0,417975758.51,40.71
Slovenia,2014,ESF,134880399.89,0,134880399.89,88.3
Portugal,2015,TOTAL,512825020.3,0,512825020.3,94.98
Ireland,2008,TOTAL,68201948.05,22521742.26,45680205.79,11.08
Luxembourg,2009,ESF,1954970.98,631091.65,1323879.33,12.74
Cyprus,2007,ERDF,5589227.08,5589227.08,0,2
Luxembourg,2009,TOTAL,2586062.63,1262183.3,1323879.33,10.12
Cyprus,2010,CF,31659292.11,0,31659292.11,28.08
Bulgaria,2011,ERDF,182421867.07,0,182421867.07,26.18
Slovenia,2010,ESF,104672421.37,0,104672421.37,23.28
Cyprus,2008,TOTAL,20505094.6,20505094.6,0,5.52
Malta,2011,TOTAL,81784723.54,0,81784723.54,27.29
Czech republic,2007,ESF,75490428.56,75490428.56,0,2.06
Cyprus,2008,CF,8528179.36,8528179.36,0,6.5
Estonia,2014,ESF,19978738.89,0,19978738.89,95
Romania,2011,TOTAL,698562149.18,0,698562149.18,16.89
Latvia,2009,TOTAL,424963649.83,181217905.36,243745744.47,14.89
Ireland,2012,ERDF,54711606.24,0,54711606.24,50.69
France,2014,TOTAL,2210411086.74,0,2210411086.74,76.27
Lithuania,2007,CF,57630893.58,57630893.58,0,2.5
Portugal,2014,ERDF,1541659765.61,0,1541659765.61,91.3
Spain,2015,ESF,580153092.13,0,580153092.13,75.53
Austria,2012,ERDF,29132198.48,0,29132198.48,41.79
Romania,2016,TOTAL,3663963114.63,0,3663963114.63,90.49
Croatia,2009,ERDF,89466.3,0,89466.3,6.3
Greece,2009,CF,142747581.15,92429021.6,50318559.55,8.86
Romania,2016,ERDF,2032931374.5,0,2032931374.5,92.07
Austria,2010,ESF,51980866.53,0,51980866.53,35.77
Slovakia,2008,ESF,44988094.68,44988094.68,0,5.05
Italy,2009,TOTAL,1332724274.55,699132885.21,633591389.34,9.77
Croatia,2009,ESF,0,0,0,0
Czech republic,2007,TOTAL,367997131.02,367997131.02,0,1.43
Slovenia,2007,TOTAL,89078822.01,89078822.01,0,2.17
Finland,2012,TOTAL,220369447.91,0,220369447.91,54.73
Greece,2011,ESF,512854537.14,0,512854537.14,26.6
Croatia,2010,ESF,0,0,0,0
Poland,2009,ERDF,2628590354.5,1333532928.72,1295057425.78,12.35
Hungary,2011,ESF,557845557.03,0,557845557.03,33.65
Spain,2008,ESF,241719864.66,241719864.66,0,5.08
Germany,2008,ESF,322373573.47,281419642.89,40953930.58,5.45
Finland,2008,ESF,18556921.92,18556921.92,0,5
Sweden,2012,ERDF,110051001.77,0,110051001.77,59.61
Greece,2013,TOTAL,4111843859.09,0,4111843859.09,69.58
Netherlands,2012,ESF,127244107.61,0,127244107.61,42.61
Slovakia,2016,ESF,17081062.1,0,17081062.1,95
Germany,2008,ERDF,499767349.11,483238845.81,16528503.3,5.11
Slovakia,2013,ERDF,660132510.46,0,660132510.46,57.17
France,2008,ERDF,297521513.49,297521513.49,0,5
Romania,2007,TOTAL,417022849.39,417022849.39,0,2.22
Greece,2014,ESF,1088683042.69,0,1088683042.69,84.49
Sweden,2013,ESF,101096345.69,0,101096345.69,59.37
Cyprus,2013,ESF,25291793.77,0,25291793.77,63.95
Belgium,2011,ERDF,48983726.45,0,48983726.45,31.99
Hungary,2008,ESF,110453292.08,108872656.53,1580635.55,5.07
Denmark,2007,ESF,5095772.38,5095772.38,0,2
Malta,2014,CF,59318109.75,0,59318109.75,72.95
Portugal,2008,TOTAL,648236929.55,644068574.12,4168355.43,5.02
Luxembourg,2007,ESF,504873.32,504873.32,0,2
Sweden,2011,TOTAL,318545283.39,0,318545283.39,46.52
Bulgaria,2010,ERDF,349178712.25,0,349178712.25,20.36
Spain,2011,TOTAL,4902281444.09,0,4902281444.09,36.67
Austria,2013,TOTAL,178944916.32,0,178944916.32,69.03
Belgium,2011,TOTAL,186195430.3,0,186195430.3,32.24
Romania,2008,ERDF,269293981.98,269293981.98,0,5.07
Czech republic,2009,ESF,152296962.72,150980857.12,1316105.6,9.29
Portugal,2012,ESF,1110206178.91,0,1110206178.91,65.57
Czech republic,2012,ERDF,1399293712.62,0,1399293712.62,43.32
United Kingdom,2011,ERDF,681586900.19,0,681586900.19,37.36
Luxembourg,2008,TOTAL,2019493.28,2019493.28,0,5
Austria,2015,ESF,0,0,0,95
Cyprus,2007,ESF,2395383.08,2395383.08,0,2
Bulgaria,2010,CF,5055639.93,0,5055639.93,10.72
Spain,2010,CF,1310967640.12,0,1310967640.12,44.5
Spain,2010,ESF,361342826.45,0,361342826.45,17.96
Croatia,2009,CF,55228.5,0,55228.5,5.73
Portugal,2013,ERDF,2122226434.01,0,2122226434.01,77.89
Romania,2011,CF,98796785.46,0,98796785.46,15.37
Portugal,2012,CF,735654557.05,0,735654557.05,43.89
Poland,2007,ERDF,652250319.04,652250319.04,0,1.87
Denmark,2015,TOTAL,72393234.88,0,72393234.88,95
Latvia,2015,ESF,0,0,0,95
Slovenia,2011,TOTAL,500611923.98,0,500611923.98,37.01
Greece,2013,ESF,859912837.58,0,859912837.58,59.54
Romania,2014,TOTAL,3536806630.61,0,3536806630.61,57.14
Czech republic,2012,CF,1411742785.66,0,1411742785.66,35.68
Ireland,2007,ESF,7507247.4,7507247.4,0,2
Hungary,2015,ESF,18414110.91,0,18414110.91,81.45
Hungary,2010,ERDF,1183232328.17,0,1183232328.17,22.59
Malta,2011,CF,27096878.01,0,27096878.01,31.49
Greece,2008,CF,110914825.92,110914825.92,0,5
Portugal,2007,ERDF,235062383.68,235062383.68,0,2.04
Romania,2013,CF,962513420.14,0,962513420.14,36.68
Malta,2007,CF,7103625.5,7103625.5,0,2.5
Czech republic,2010,ERDF,1348324362.8,0,1348324362.8,22.45
Romania,2015,ERDF,952048770.01,0,952048770.01,69.01
Lithuania,2007,ERDF,68839007.06,68839007.06,0,2
Sweden,2009,ERDF,117885911.68,23363518.27,94522393.41,17.61
Slovakia,2008,ERDF,178868346.93,178868346.93,0,4.89
Portugal,2013,ESF,1194849756.64,0,1194849756.64,83
Hungary,2013,CF,1451917583.78,0,1451917583.78,51.38
Croatia,2012,TOTAL,25411525.21,0,25411525.21,10.33
Luxembourg,2015,ESF,3048626.03,0,3048626.03,95
Latvia,2007,ERDF,48800347.28,48800347.28,0,2.03
Slovakia,2013,ESF,123215580.43,0,123215580.43,48.55
Czech republic,2008,ERDF,508037267.21,508037267.21,0,5.08
Estonia,2015,ESF,0,0,0,95
United Kingdom,2013,ESF,271872420.7,0,271872420.7,63.05
Luxembourg,2010,ERDF,2559460.58,0,2559460.58,17.64
Netherlands,2009,TOTAL,55272701.05,41500068.43,13772632.62,8.33
Greece,2014,CF,580210011.25,0,580210011.25,89.89
Netherlands,2015,ERDF,35372575.38,0,35372575.38,88.22
Belgium,2012,ERDF,155877181.56,0,155877181.56,47.79
Sweden,2014,ESF,211251255.05,0,211251255.05,89.92
Slovakia,2011,CF,122328099.92,0,122328099.92,24.01
Ireland,2015,TOTAL,76740851.73,0,76740851.73,89.96
Slovakia,2014,ESF,312164536.23,0,312164536.23,69.59
Ireland,2014,ESF,24148177.84,0,24148177.84,76.42
EU28,2010,ERDF,19849431038.89,0,19849431038.89,22.52
France,2014,ERDF,1391386917.35,0,1391386917.35,77.38
Estonia,2010,TOTAL,527916864.35,38695322.08,489221542.27,34.96
Slovakia,2007,TOTAL,246706091.82,246706091.82,0,2.15
Romania,2012,TOTAL,1137662486.99,0,1137662486.99,22.95
Spain,2007,ESF,161146576.44,161146576.44,0,2.03
Slovenia,2015,ESF,50663914.86,0,50663914.86,95
Italy,2015,ERDF,3659180590.79,0,3659180590.79,76.05
Denmark,2015,ERDF,36325982.13,0,36325982.13,95
Netherlands,2012,ERDF,71282110.47,0,71282110.47,48.56
Hungary,2012,CF,407223371.06,0,407223371.06,33.91
Netherlands,2013,ERDF,144282671.44,0,144282671.44,65.94
Italy,2014,ERDF,2697016561.06,0,2697016561.06,58.61
Croatia,2013,ESF,0,0,0,0
Romania,2013,ERDF,1210601475.1,0,1210601475.1,37.19
Slovenia,2011,CF,40367297.94,0,40367297.94,26.64
France,2011,TOTAL,1478529694.12,0,1478529694.12,34.53
Germany,2014,ESF,1073068594.03,0,1073068594.03,85.29
Sweden,2015,ERDF,43279600.1,0,43279600.1,94.49
Estonia,2008,TOTAL,113621110.89,113621110.89,0,5.51
Latvia,2011,CF,130700037.31,0,130700037.31,32.14
Latvia,2008,CF,61591062.12,61591062.12,0,6.5
Spain,2008,ERDF,691715764.53,691715764.53,0,5
Bulgaria,2012,ERDF,389640582.7,0,389640582.7,38.62
Finland,2014,TOTAL,215151242.7,0,215151242.7,89.18
Netherlands,2007,TOTAL,33200054.74,33200054.74,0,2
Romania,2010,ERDF,159273823.38,0,159273823.38,12.04
Estonia,2010,CF,109672035.62,23034628.92,86637406.7,23.58
Czech republic,2008,CF,458145519.71,458145519.71,0,6.63
Cyprus,2015,ESF,5486663.44,0,5486663.44,95
Netherlands,2009,ESF,24073223.73,20750068.43,3323155.3,7.9
Poland,2011,ESF,1631890909.71,0,1631890909.71,40.22
Belgium,2009,TOTAL,269483008.26,51587519.18,217895489.08,18.1
Ireland,2007,ERDF,7507247.44,7507247.44,0,2
Belgium,2014,ERDF,221290008.61,0,221290008.61,88.1
Portugal,2009,ESF,1007999198.68,162809696.63,845189502.05,19.52
Spain,2009,ERDF,1196106517.44,576429803.84,619676713.6,10.19
Slovakia,2009,TOTAL,520811448.84,454424798,66386650.84,9.99
Austria,2008,TOTAL,36134357.43,36134357.43,0,5.15
United Kingdom,2012,ESF,731392978.57,0,731392978.57,57
Denmark,2009,TOTAL,33350963.73,12739430.98,20611532.75,11.54
Denmark,2008,ERDF,7643658.6,7643658.6,0,5
Slovakia,2010,ESF,46960973.71,0,46960973.71,14.05
Malta,2012,ERDF,49445259.41,0,49445259.41,36.83
Sweden,2012,ESF,0,0,0,44.75
Czech republic,2010,TOTAL,2102739716.66,0,2102739716.66,20.43
Estonia,2016,CF,0,0,0,95
Portugal,2009,ERDF,556868918,295980178.07,260888739.93,9.99
Belgium,2013,TOTAL,404989907.96,0,404989907.96,68.89
Spain,2008,TOTAL,1039732019.43,1039732019.43,0,5.02
Cyprus,2009,ERDF,40211490.11,11178454.16,29033035.95,19.39
Romania,2008,TOTAL,641915331.62,641915331.62,0,5.64
Poland,2011,CF,2544422783.42,0,2544422783.42,30.82
Hungary,2013,TOTAL,3703189970.83,0,3703189970.83,59.01
Greece,2013,CF,1041441479.6,0,1041441479.6,74.2
Malta,2013,ERDF,49169981.44,0,49169981.44,47.9
Germany,2010,ESF,1128141449.1,0,1128141449.1,29.41
United Kingdom,2011,TOTAL,1099562658.7,0,1099562658.7,38.88
Slovenia,2011,ERDF,389506488.08,0,389506488.08,46.28
Belgium,2011,ESF,137211703.85,0,137211703.85,32.47
Netherlands,2014,ESF,129106356.18,0,129106356.18,77.31
Italy,2010,ESF,335633162.55,0,335633162.55,18.93
Cyprus,2010,TOTAL,66931268.34,0,66931268.34,26.17
Sweden,2009,ESF,63501244.62,17288778.95,46212465.67,14.18
Bulgaria,2012,ESF,136031899.46,0,136031899.46,31.61
Netherlands,2011,ERDF,176762236.13,0,176762236.13,39.97
Latvia,2010,CF,167532395.27,30795531.06,136736864.21,23.65
Romania,2009,CF,302671779.34,262096921.12,40574858.22,11.17
Luxembourg,2009,ERDF,631091.65,631091.65,0,7.5
Hungary,2012,ERDF,1399841573.11,0,1399841573.11,50.48
Poland,2007,TOTAL,1400802683.39,1400802683.39,0,2.08
Estonia,2009,CF,86996496.98,46069257.84,40927239.14,14.05
Latvia,2009,ESF,41893776.22,22026148.68,19867627.54,11.91
Cyprus,2011,CF,33998576.44,0,33998576.44,44.03
Malta,2007,ESF,2240000,2240000,0,2
France,2009,ERDF,607649042.32,201366826.62,406282215.7,12.55
Portugal,2008,ESF,199539991.38,195371635.95,4168355.43,4.81
Sweden,2014,ERDF,133471896.93,0,133471896.93,89.86
Romania,2010,CF,175172828.47,131048460.56,44124367.91,13.86
Cyprus,2014,CF,54811803.28,0,54811803.28,75.66
Denmark,2013,ERDF,0,0,0,50.79
Spain,2011,ERDF,2916714891.1,0,2916714891.1,33.28
Romania,2013,TOTAL,2884470134.12,0,2884470134.12,38.31
Spain,2012,ESF,1350908214.66,0,1350908214.66,54.3
Bulgaria,2012,CF,317888063.76,0,317888063.76,36.45
Croatia,2013,ERDF,43240924.89,0,43240924.89,22.99
Greece,2009,ERDF,856327130.15,303732504.45,552594625.7,12.05
Denmark,2011,ESF,28857640.02,0,28857640.02,34.18
Portugal,2007,CF,61199310.5,61199310.5,0,2
Luxembourg,2010,TOTAL,2997378.57,0,2997378.57,16.06
Finland,2008,TOTAL,47878981.32,47878981.32,0,5
Finland,2009,ERDF,114476903.66,24435049.51,90041854.15,16.71
Austria,2012,TOTAL,156744851.86,0,156744851.86,53.74
Slovenia,2009,TOTAL,325614612.44,164041945.44,161572667,13.46
Romania,2016,CF,995550188.76,0,995550188.76,89.66
Lithuania,2014,CF,399084166.68,0,399084166.68,95
Spain,2013,CF,316127930.22,0,316127930.22,72.69
Estonia,2011,ESF,28317542.95,0,28317542.95,46.54
Greece,2008,TOTAL,601543831.26,601543831.26,0,4.96
Austria,2014,TOTAL,132268788.86,0,132268788.86,80.33
Slovakia,2015,ERDF,1302361802.63,0,1302361802.63,80.78
Lithuania,2008,CF,92209429.72,92209429.72,0,6.5
Greece,2012,TOTAL,2888843188.48,0,2888843188.48,49.23
Germany,2007,TOTAL,509772325.8,509772325.8,0,2
Latvia,2014,CF,323953441.41,0,323953441.41,80.41
Finland,2009,ESF,69637898.78,15464101.6,54173797.18,16.26
France,2010,ESF,535728197.51,0,535728197.51,24.87
Estonia,2013,ESF,64243686.06,0,64243686.06,89.9
Portugal,2014,CF,618631791.95,0,618631791.95,92.12
Sweden,2014,TOTAL,344723151.98,0,344723151.98,89.89
Portugal,2008,ERDF,356897972.42,356897972.42,0,5.15
Slovenia,2011,ESF,70738137.96,0,70738137.96,32.64
EU28,2007,CF,1574682674.64,1574682674.64,0,2.26
Denmark,2015,ESF,36067252.75,0,36067252.75,95
Netherlands,2008,TOTAL,49800082.11,49800082.11,0,5
Luxembourg,2011,ESF,5228462.04,0,5228462.04,35.19
Italy,2011,ESF,708255624.01,0,708255624.01,29.12
Latvia,2015,CF,224656198.34,0,224656198.34,95
Cyprus,2009,ESF,4956340.98,4790766.16,165574.82,9.14
Poland,2009,TOTAL,5155672515.37,2608874119.68,2546798395.69,13.02
Malta,2009,ERDF,19395994.34,17759121.24,1636873.1,9.37
Finland,2014,ESF,81359492.62,0,81359492.62,91.72
Lithuania,2012,CF,354992288.86,0,354992288.86,62.06
Poland,2010,ESF,966715587.95,0,966715587.95,23.92
Slovenia,2013,ERDF,259695374.41,0,259695374.41,76.48
Luxembourg,2014,TOTAL,8066891.22,0,8066891.22,83.81
Italy,2014,ESF,1006383195.57,0,1006383195.57,77.76
Lithuania,2009,ERDF,745159279.07,137678014.12,607481264.95,26.65
Finland,2008,ERDF,29322059.4,29322059.4,0,5
Luxembourg,2015,ERDF,2598961.63,0,2598961.63,95
Netherlands,2008,ESF,24900082.11,24900082.11,0,5
Malta,2010,TOTAL,65898714.92,0,65898714.92,17.55
Luxembourg,2014,ESF,3910171.52,0,3910171.52,82.92
Greece,2010,ESF,292445396.7,0,292445396.7,14.84
Portugal,2012,TOTAL,4584333422.13,0,4584333422.13,59.18
Portugal,2012,ERDF,2738472686.17,0,2738472686.17,59.44
Poland,2007,ESF,194143520,194143520,0,1.94
Estonia,2016,TOTAL,0,0,0,95
Hungary,2011,ERDF,2125873017.57,0,2125873017.57,39.41
Spain,2010,ERDF,2405311809.13,0,2405311809.13,20.63
Denmark,2011,TOTAL,94651647.47,0,94651647.47,38.28
Malta,2016,ERDF,26730330.71,0,26730330.71,95
United Kingdom,2009,ESF,548573178.55,111872943.21,436700235.34,17.2
Denmark,2010,ERDF,19953011.32,0,19953011.32,16.56
Greece,2007,ERDF,242986003.56,242986003.56,0,2
Sweden,2012,TOTAL,110051001.77,0,110051001.77,53.29
Ireland,2009,TOTAL,91905227.96,18768118.55,73137109.41,23.33
Portugal,2010,CF,236489848.24,0,236489848.24,17.42
Sweden,2011,ERDF,189649171.03,0,189649171.03,47.83
Greece,2007,ESF,84100000,84100000,0,1.93
Czech republic,2010,CF,523325347.82,0,523325347.82,19.35
Cyprus,2013,TOTAL,103937012.57,0,103937012.57,61.29
Luxembourg,2013,TOTAL,8091002.58,0,8091002.58,67.84
Ireland,2009,ERDF,49094911.77,9384059.3,39710852.47,18.08
Spain,2007,TOTAL,693154679.62,693154679.62,0,2.01
Estonia,2007,CF,28793286.15,28793286.15,0,2.5
United Kingdom,2010,ERDF,763568895.36,0,763568895.36,24.71
Romania,2011,ESF,183784028.32,0,183784028.32,20.19
France,2012,TOTAL,1149568492.9,0,1149568492.9,43.01
Portugal,2013,CF,857184279.42,0,857184279.42,71.91
Croatia,2007,CF,0,0,0,0
Belgium,2015,TOTAL,217781720.89,0,217781720.89,93.06
Sweden,2007,TOTAL,32521837.76,32521837.76,0,2
Malta,2015,TOTAL,69087830.27,0,69087830.27,81.61
Latvia,2009,ERDF,286572367.38,97600694.56,188971672.82,16.97
Latvia,2008,ESF,16519611.51,16519611.51,0,4.72
Croatia,2011,ESF,0,0,0,0
Germany,2013,ESF,1925319705.61,0,1925319705.61,73.82
Spain,2012,CF,228593893.71,0,228593893.71,63.77
Hungary,2008,ERDF,388783768.77,379492314.96,9291453.81,5.08
Croatia,2010,CF,1064780.96,0,1064780.96,6.11
Netherlands,2009,ERDF,31199477.32,20750000,10449477.32,8.76
EU28,2007,ERDF,3555711828.3,3555711828.3,0,1.85
Hungary,2014,CF,1859824613.94,0,1859824613.94,73.76
Sweden,2013,TOTAL,250369415.89,0,250369415.89,68.69
Luxembourg,2012,ESF,3853491.84,0,3853491.84,50.46
Bulgaria,2008,CF,91321446.59,91321446.59,0,6.5
Estonia,2007,TOTAL,73827854.85,73827854.85,0,2.17
Bulgaria,2014,TOTAL,1066579296.18,0,1066579296.18,66.23
France,2010,TOTAL,1356963324.55,0,1356963324.55,23.61
Finland,2015,TOTAL,92469027.25,0,92469027.25,94.98
Sweden,2010,ERDF,92736156.78,0,92736156.78,27.54
France,2011,ESF,357951571.19,0,357951571.19,31.39
Italy,2009,ERDF,699082379.08,525682687.75,173399691.33,8.34
Romania,2013,ESF,711355238.88,0,711355238.88,44.32
Bulgaria,2009,TOTAL,266945129.76,266945129.76,0,9.63
Estonia,2007,ERDF,37204222.12,37204222.12,0,2
Malta,2015,ESF,13101789.7,0,13101789.7,81.13
Slovakia,2011,ESF,140994735.54,0,140994735.54,23.55
Croatia,2012,ESF,0,0,0,0
Croatia,2011,TOTAL,16115828.17,6705000,9410828.17,7.37
Bulgaria,2010,ESF,42897519.45,0,42897519.45,12.68
EU28,2011,ERDF,23398600951.04,4244850,23394356101.04,34.71
Malta,2013,TOTAL,109883899.64,0,109883899.64,50.28
Ireland,2010,ESF,52053222.33,0,52053222.33,42.44
Cyprus,2008,ERDF,8383840.62,8383840.62,0,5
Estonia,2011,ERDF,163209635.08,0,163209635.08,49.87
Cyprus,2009,CF,14360284.59,8528179.36,5832105.23,13.24
Hungary,2014,ERDF,1447012233.83,0,1447012233.83,76.28
Poland,2008,ERDF,1014665841.86,1014665841.86,0,4.79
Czech republic,2015,ESF,800532992.41,0,800532992.41,88.48
Slovenia,2012,ERDF,324390328.83,0,324390328.83,63.05
Estonia,2013,ERDF,291653919.47,0,291653919.47,78.98
Cyprus,2013,CF,3519904.51,0,3519904.51,49.95
Italy,2008,ERDF,719262543.29,719262543.29,0,5.01
Italy,2011,TOTAL,1895858284.37,0,1895858284.37,21.74
Netherlands,2015,ESF,139537632.25,0,139537632.25,94.12
Estonia,2014,CF,144386698,0,144386698,94.61
Portugal,2009,TOTAL,1708335266.97,535289012.83,1173046254.14,13
Romania,2016,ESF,635481551.37,0,635481551.37,87.95
Bulgaria,2007,TOTAL,144887745.71,144887745.71,0,2.2
Romania,2015,CF,905647284.61,0,905647284.61,74.4
Bulgaria,2011,CF,269558062.33,0,269558062.33,22.53
Slovenia,2010,ERDF,252704619.29,0,252704619.29,26.13
Spain,2011,CF,454140046.17,0,454140046.17,57.32
United Kingdom,2009,ERDF,296491907.88,135400493.43,161091414.45,10.53
Ireland,2011,TOTAL,90605397.43,0,90605397.43,48.27
Latvia,2014,ERDF,388684338.2,0,388684338.2,79.29
Greece,2007,TOTAL,401029220.84,401029220.84,0,1.98
Sweden,2008,TOTAL,48782756.64,48782756.64,0,5
Poland,2015,ESF,778939813.53,0,778939813.53,95
Hungary,2012,ESF,375891049.33,0,375891049.33,44.06
France,2011,ERDF,1120578122.93,0,1120578122.93,36.67
Finland,2012,ERDF,104391510.45,0,104391510.45,52.27
Czech republic,2012,ESF,299544273.63,0,299544273.63,30.29
Czech republic,2007,CF,115090938.82,115090938.82,0,1.33
Bulgaria,2007,CF,57075904.13,57075904.13,0,2.5
Latvia,2015,TOTAL,602880844.93,0,602880844.93,95
Finland,2011,ESF,109185321.18,0,109185321.18,39.86
Spain,2009,CF,88580325.2,88580325.2,0,7.5
France,2008,TOTAL,461315137.81,461315137.81,0,4.96
Estonia,2016,ERDF,0,0,0,95
Romania,2014,ERDF,1864404745.59,0,1864404745.59,58.25
Hungary,2015,ERDF,1393506911.87,0,1393506911.87,87.31
Hungary,2013,ERDF,1813771291.65,0,1813771291.65,64.83
Germany,2015,ESF,674850487.12,0,674850487.12,92.5
Czech republic,2007,ERDF,177415763.64,177415763.64,0,1.31
Spain,2008,CF,106296390.24,106296390.24,0,5
Bulgaria,2010,TOTAL,397131871.63,0,397131871.63,15.65
Croatia,2008,ERDF,26655075,26655075,0,6.28
Austria,2007,TOTAL,24089571.62,24089571.62,0,2.06
Germany,2007,ERDF,322159230.54,322159230.54,0,2
Netherlands,2013,ESF,158936774.23,0,158936774.23,61.76
Slovenia,2007,ERDF,38675588.16,38675588.16,0,2
Austria,2007,ESF,10488251.2,10488251.2,0,2
Latvia,2012,CF,214510232.64,0,214510232.64,46.07
Latvia,2010,ESF,157212663.63,22026148.68,135186514.95,38.87
Luxembourg,2008,ESF,757309.98,757309.98,0,5
Poland,2011,ERDF,5239235053.46,0,5239235053.46,40.5
Luxembourg,2013,ERDF,3805343.58,0,3805343.58,68.24
Portugal,2007,TOTAL,426509451.48,426509451.48,0,1.99
Greece,2012,ERDF,1691761508,0,1691761508,53.58
Bulgaria,2015,ESF,145158785.55,0,145158785.55,94.49
Sweden,2010,TOTAL,175258083.9,0,175258083.9,26.93
Slovakia,2008,CF,155949542.51,155949542.51,0,6.5
Latvia,2015,ERDF,378224646.59,0,378224646.59,95
Belgium,2007,ESF,21464351.88,21464351.88,0,2
Germany,2011,ESF,973691674.96,0,973691674.96,39.81
Slovenia,2007,ESF,15113987.4,15113987.4,0,2
Latvia,2013,TOTAL,623654432.28,0,623654432.28,65.96
Portugal,2011,ESF,1139249926.74,0,1139249926.74,49.37
Netherlands,2012,TOTAL,198526218.08,0,198526218.08,45.58
Malta,2013,ESF,27155612.07,0,27155612.07,55.19
Austria,2007,ERDF,13601320.42,13601320.42,0,2.11
Latvia,2013,CF,204852438.21,0,204852438.21,59.37
Slovakia,2012,ERDF,921147054.92,0,921147054.92,46.35
Greece,2010,ERDF,1718258112.2,0,1718258112.2,26.19
Greece,2008,ESF,126150000,126150000,0,4.82
Croatia,2012,ERDF,13197079.17,0,13197079.17,12.81
Sweden,2008,ERDF,28036221.9,28036221.9,0,5
Romania,2009,ERDF,457570431.93,359058642.64,98511789.29,10.24
Latvia,2010,ERDF,139219269.11,0,139219269.11,22.75
Latvia,2013,ERDF,327225937.25,0,327225937.25,63.15
Sweden,2011,ESF,128896112.36,0,128896112.36,44.75
Greece,2011,ERDF,1635491224.13,0,1635491224.13,39.65
Italy,2007,ERDF,332102832.06,332102832.06,0,1.58
Poland,2012,CF,3124607865.57,0,3124607865.57,44.78
Denmark,2008,TOTAL,15287317.17,15287317.17,0,5
Poland,2016,CF,0,0,0,100
Czech republic,2008,TOTAL,1079418429.76,1079418429.76,0,5.61
Slovakia,2009,CF,158630421.9,155949542.52,2680879.38,10.57
Poland,2010,CF,1328185276.19,0,1328185276.19,19.45
Italy,2011,ERDF,1187602660.36,0,1187602660.36,19.29
Finland,2007,ERDF,19548039.6,19548039.6,0,2
Poland,2011,TOTAL,9415548746.59,0,9415548746.59,37.23
Cyprus,2010,ERDF,22291905.61,0,22291905.61,27.37
Cyprus,2009,TOTAL,59528115.68,24497399.68,35030716,15.24
France,2007,ESF,105933775.18,105933775.18,0,1.93
Croatia,2014,ESF,43998399.76,0,43998399.76,28.87
Malta,2007,ERDF,8879560.62,8879560.62,0,2
Portugal,2013,TOTAL,4174260470.07,0,4174260470.07,78.67
Romania,2012,CF,427242258.93,0,427242258.93,21.92
France,2015,TOTAL,2147350517.81,0,2147350517.81,92.12
Poland,2010,ERDF,4556059399.71,0,4556059399.71,25.44
Portugal,2011,TOTAL,2684285532.94,0,2684285532.94,37.77
Croatia,2015,ESF,21102931.23,0,21102931.23,42.71
Poland,2008,CF,887054150.96,887054150.96,0,6.44
Czech republic,2009,CF,576037780.85,352760897.56,223276883.29,13.29
Ireland,2014,ERDF,48431383.07,0,48431383.07,83.05
Greece,2008,ERDF,364479005.34,364479005.34,0,5
Romania,2014,CF,1554586466.98,0,1554586466.98,60.51
Slovakia,2011,TOTAL,1022233984.8,0,1022233984.8,27.8
Netherlands,2010,TOTAL,150162998.38,0,150162998.38,17.38
Lithuania,2015,TOTAL,86238318.34,0,86238318.34,95
Croatia,2011,CF,4842095.52,2460150,2381945.52,7.83
Bulgaria,2014,ESF,288281819.09,0,288281819.09,82.18
Denmark,2009,ESF,23846199.91,6369715.48,17476484.43,14.36
Latvia,2008,ERDF,73200520.92,73200520.92,0,5.07
Bulgaria,2009,ERDF,128205288.64,128205288.64,0,9.21
Hungary,2010,TOTAL,1958426117.44,311707207.64,1646718909.8,21.02
Portugal,2011,CF,74487855.43,0,74487855.43,19.85
Portugal,2010,TOTAL,2618984420.9,0,2618984420.9,25.23
Italy,2008,ESF,208140236.88,208140236.88,0,4.99
Denmark,2013,ESF,46669932.01,0,46669932.01,58.03
France,2009,ESF,561062239.54,134863699.77,426198539.77,15.12
Denmark,2014,TOTAL,134429401.74,0,134429401.74,80.79
Italy,2012,ESF,1135171401.35,0,1135171401.35,45.45
Italy,2007,TOTAL,470862989.98,470862989.98,0,1.69
Germany,2009,TOTAL,3112147884.82,637215407.35,2474932477.47,17.46
Sweden,2015,TOTAL,78408757.46,0,78408757.46,94.71
Cyprus,2015,TOTAL,46940944.43,0,46940944.43,91.93
Denmark,2012,ERDF,21418690.89,0,21418690.89,50.79
Slovenia,2012,CF,87218988.82,0,87218988.82,32.82
Austria,2009,ERDF,56436858.43,17001650.54,39435207.89,14.01
Bulgaria,2013,TOTAL,886207011.14,0,886207011.14,50.05
Spain,2014,CF,646438590.65,0,646438590.65,90.93
Netherlands,2015,TOTAL,174910207.63,0,174910207.63,91.17
Bulgaria,2008,ERDF,96153966.48,96153966.48,0,5.12
Ireland,2011,ERDF,23097118.26,0,23097118.26,36.11
Croatia,2013,TOTAL,68193301.48,0,68193301.48,18.27
Malta,2012,CF,24929371.91,0,24929371.91,40.26
Denmark,2012,ESF,14104809.73,0,14104809.73,39.72
Austria,2010,TOTAL,118341338.75,0,118341338.75,29.43
Belgium,2013,ERDF,176398401.55,0,176398401.55,65.67
Slovenia,2009,CF,136151652.85,56462794.32,79688858.53,16.15
Cyprus,2013,ERDF,75125314.29,0,75125314.29,68.79
Slovakia,2010,TOTAL,1022226392.65,0,1022226392.65,18.89
Netherlands,2013,TOTAL,303219445.67,0,303219445.67,63.85
Bulgaria,2008,TOTAL,223039208.96,223039208.96,0,5.58
Slovakia,2016,CF,226435185.92,0,226435185.92,95
Romania,2008,ESF,110524428.54,110524428.54,0,5.41
Czech republic,2010,ESF,231090006.04,0,231090006.04,15.58
Estonia,2009,TOTAL,474611146.98,136138395.24,338472751.74,19.45
Ireland,2013,TOTAL,73064349.8,0,73064349.8,70.07
Denmark,2007,TOTAL,10191544.78,10191544.78,0,2
Malta,2008,CF,11365800.8,11365800.8,0,6.5
Luxembourg,2007,TOTAL,504873.32,504873.32,0,1
Romania,2015,TOTAL,2591361157.7,0,2591361157.7,70.93
Romania,2007,ERDF,179529321.32,179529321.32,0,2.03
Latvia,2012,ESF,112274801.81,0,112274801.81,79.3
Italy,2007,ESF,138760157.92,138760157.92,0,2
Lithuania,2015,ERDF,86238318.34,0,86238318.34,95
Netherlands,2011,TOTAL,269714755.47,0,269714755.47,33.62
Greece,2014,ERDF,2111441387.39,0,2111441387.39,89.15
Ireland,2008,ESF,56941076.89,11260871.1,45680205.79,17.17
Italy,2012,ERDF,1390346902.68,0,1390346902.68,25.91
Denmark,2014,ERDF,76313302.39,0,76313302.39,80.74
Estonia,2007,ESF,7830346.58,7830346.58,0,2
Croatia,2007,ESF,0,0,0,0
Croatia,2013,CF,24952376.59,0,24952376.59,21.05
Estonia,2016,ESF,0,0,0,95
Spain,2011,ESF,1531426506.82,0,1531426506.82,37.27
EU28,2010,CF,5573771879.75,397527001,5176244878.75,20.38
Spain,2009,TOTAL,1944573421.05,866443349.66,1078130071.39,10.65
Slovenia,2009,ERDF,155991740.44,77351176.32,78640564.12,13.07
Belgium,2008,TOTAL,67555321.6,67555321.6,0,5.01
United Kingdom,2010,TOTAL,1401527893.87,0,1401527893.87,27.75
Estonia,2011,CF,47532585.78,0,47532585.78,27.7
Bulgaria,2009,ESF,47418394.52,47418394.52,0,9.04
Netherlands,2008,ERDF,24900000,24900000,0,5
Estonia,2009,ERDF,332590657.5,74408444.24,258182213.26,22.88
Czech republic,2011,TOTAL,1659206098.99,0,1659206098.99,26.86
Czech republic,2011,ESF,240768874.6,0,240768874.6,22.13
Luxembourg,2008,ERDF,1262183.3,1262183.3,0,5
Greece,2011,CF,494714154.46,0,494714154.46,29.28
Slovenia,2012,ESF,134226321.48,0,134226321.48,50.4
Luxembourg,2010,ESF,437917.99,0,437917.99,14.48
Estonia,2008,ESF,11745519.87,11745519.87,0,5
Lithuania,2013,ERDF,535291796.83,0,535291796.83,79.48
Denmark,2014,ESF,58116099.35,0,58116099.35,80.84
Hungary,2015,CF,1597961700.24,0,1597961700.24,92.98
Malta,2009,ESF,4551429.47,4480000,71429.47,9.06
Bulgaria,2008,ESF,35563795.89,35563795.89,0,5.02
Belgium,2012,TOTAL,349602359.64,0,349602359.64,49.22
Finland,2010,TOTAL,147719664.28,0,147719664.28,25.79
Portugal,2014,ESF,819153785.97,0,819153785.97,94.95
Poland,2008,TOTAL,2192935272.82,2192935272.82,0,5.35
Portugal,2009,CF,143467150.29,76499138.13,66968012.16,9.69
Denmark,2009,ERDF,9504763.82,6369715.5,3135048.32,8.73
Latvia,2012,TOTAL,714175950.33,0,714175950.33,52.2
Finland,2015,ESF,20304983.6,0,20304983.6,95
Slovenia,2013,ESF,151477018.29,0,151477018.29,70.45
Greece,2009,TOTAL,1144178860.44,513196556.29,630982304.15,10.62
Austria,2014,ESF,50428816.33,0,50428816.33,95
Malta,2008,ESF,3360000,3360000,0,5
Austria,2015,ERDF,150288389.19,0,150288389.19,91.7
Austria,2011,ESF,43729800.28,0,43729800.28,44.11
United Kingdom,2010,ESF,637958998.51,0,637958998.51,31.4
EU28,2012,CF,8632321736.93,0,8632321736.93,40.64
Romania,2007,CF,163810575.71,163810575.71,0,2.51
Italy,2012,TOTAL,2525518304.03,0,2525518304.03,30.77
Lithuania,2008,ERDF,103258510.59,103258510.59,0,5
Lithuania,2010,CF,323136916.04,46104714.86,277032201.18,31.16
Romania,2009,ESF,148882455.69,147365904.72,1516550.97,9.77
Luxembourg,2007,ERDF,0,0,0,0
Latvia,2014,ESF,0,0,0,95
EU28,2008,CF,2788941543.12,2788941543.12,0,6.28
Croatia,2009,TOTAL,144694.8,0,144694.8,4.99
Finland,2012,ESF,115977937.46,0,115977937.46,58.61
United Kingdom,2009,TOTAL,845065086.43,247273436.64,597791649.79,13.56
Slovakia,2012,CF,353484928.08,0,353484928.08,33.08
Spain,2013,ESF,767346691.05,0,767346691.05,63.98
United Kingdom,2008,ERDF,162480592.05,162480592.05,0,5.03
Malta,2012,ESF,8925604.51,0,8925604.51,30.94
Luxembourg,2015,TOTAL,5647587.66,0,5647587.66,95
Malta,2010,ERDF,28101084.15,0,28101084.15,15.7
Romania,2015,ESF,733665103.08,0,733665103.08,69.3
Slovakia,2010,ERDF,573472941.85,0,573472941.85,18.81
Greece,2011,TOTAL,2643059915.73,0,2643059915.73,34.94
Ireland,2012,ESF,35873805.04,0,35873805.04,69.98
Sweden,2010,ESF,82521927.12,0,82521927.12,26.12
Belgium,2010,ERDF,96618910.75,0,96618910.75,27.03
Romania,2012,ESF,110860554.11,0,110860554.11,23.45
Latvia,2011,ERDF,257870653.19,0,257870653.19,33.46
Slovakia,2007,ERDF,119245564.62,119245564.62,0,1.95
Ireland,2010,TOTAL,96639681.74,0,96639681.74,36.2
Slovenia,2008,TOTAL,137147157.66,137147157.66,0,5.52
Belgium,2015,ESF,163015107.32,0,163015107.32,92.51
Estonia,2015,ERDF,86248373.04,0,86248373.04,95
Netherlands,2007,ERDF,16600000,16600000,0,2
Croatia,2010,TOTAL,4258140.63,0,4258140.63,5.49
Slovenia,2010,CF,107768123.79,0,107768123.79,23.78
Denmark,2010,TOTAL,41600834.65,0,41600834.65,19.71
United Kingdom,2008,TOTAL,296728123.89,296728123.89,0,5.01
Estonia,2009,ESF,55023992.5,15660693.16,39363299.34,19.05
Cyprus,2014,ESF,31705093.8,0,31705093.8,90.42
Estonia,2015,CF,4481119.76,0,4481119.76,95
Greece,2009,ESF,145104149.14,117035030.24,28069118.9,8.14
Poland,2008,ESF,291215280,291215280,0,4.85
France,2012,ESF,580776605.92,0,580776605.92,41.96
France,2008,ESF,163793624.32,163793624.32,0,4.91
Croatia,2007,ERDF,0,0,0,0
Portugal,2010,ESF,906332832.13,0,906332832.13,32.74
United Kingdom,2007,TOTAL,197818749.26,197818749.26,0,2
Finland,2013,TOTAL,334713134.06,0,334713134.06,75.7
Malta,2016,CF,35300133.67,0,35300133.67,95
Belgium,2010,ESF,8265347.76,0,8265347.76,19.67
Portugal,2011,ERDF,1470547750.77,0,1470547750.77,35.62
Belgium,2008,ESF,32196527.82,32196527.82,0,5
Ireland,2013,ERDF,73064349.8,0,73064349.8,70.15
Latvia,2012,ERDF,387390915.88,0,387390915.88,49.55
Belgium,2014,ESF,58471808.36,0,58471808.36,77.31
Lithuania,2009,CF,245405979.84,92209429.72,153196550.12,17.15
Hungary,2007,ESF,72581771.02,72581771.02,0,2.01
Latvia,2010,TOTAL,463964328.01,52821679.74,411142648.27,25.13
Lithuania,2012,ERDF,511609098.86,0,511609098.86,63.93
EU28,2008,ERDF,6044750685.71,6018930728.6,25819957.11,5
Malta,2015,CF,18536274.02,0,18536274.02,79.47
Sweden,2007,ERDF,18690814.6,18690814.6,0,2
Sweden,2008,ESF,20746534.74,20746534.74,0,5
Italy,2010,TOTAL,1445935633.63,0,1445935633.63,14.95
Ireland,2014,TOTAL,72579560.91,0,72579560.91,79.74
Latvia,2013,ESF,91576056.82,0,91576056.82,95
EU28,2015,ESF,7661634486.29,0,7661634486.29,89.21
Finland,2010,ESF,36816427.07,0,36816427.07,22.21
Estonia,2014,ERDF,211801665.9,0,211801665.9,90.36
Portugal,2015,ESF,4334808.92,0,4334808.92,95.02
Romania,2010,ESF,171282418.31,147365904.72,23916513.59,14.8
Malta,2007,TOTAL,18223186.12,18223186.12,0,2.17
Luxembourg,2011,ERDF,7153624.39,0,7153624.39,45.98
Belgium,2010,TOTAL,104884258.51,0,104884258.51,23.19
Greece,2007,CF,73943217.28,73943217.28,0,2
Hungary,2013,ESF,437501095.4,0,437501095.4,56.17
Ireland,2009,ESF,42810316.19,9384059.25,33426256.94,28.57
Germany,2011,TOTAL,3199322165.47,0,3199322165.47,41.2
Slovakia,2007,ESF,29992063.12,29992063.12,0,2.02
Poland,2007,CF,554408844.35,554408844.35,0,2.48
Bulgaria,2015,ERDF,595444506.49,0,595444506.49,85.2
Romania,2014,ESF,117815418.04,0,117815418.04,47.77
Poland,2013,ESF,1513081541.31,0,1513081541.31,71.91
Cyprus,2010,ESF,12980070.62,0,12980070.62,19.98
Spain,2007,CF,70864260.16,70864260.16,0,2
Slovakia,2014,TOTAL,852949366.16,0,852949366.16,60.11
Malta,2014,TOTAL,194056603.98,0,194056603.98,73.38
Cyprus,2014,TOTAL,140763139.66,0,140763139.66,84.27
Ireland,2012,TOTAL,90585411.28,0,90585411.28,60.34
Germany,2007,ESF,187613095.26,187613095.26,0,2
Sweden,2007,ESF,13831023.16,13831023.16,0,2
Malta,2009,CF,11365800.8,11365800.8,0,10.5
Ireland,2013,ESF,0,0,0,69.98
Finland,2011,TOTAL,241478100.29,0,241478100.29,40.92
Hungary,2014,ESF,894540063.76,0,894540063.76,80.94
Ireland,2010,ERDF,44586459.41,0,44586459.41,29.96
Romania,2008,CF,262096921.1,262096921.1,0,6.53
Austria,2012,ESF,127612653.38,0,127612653.38,68.44
Spain,2010,TOTAL,4077622275.7,0,4077622275.7,22.46
Hungary,2010,ESF,215919993.59,145163542.04,70756451.55,18.21
France,2014,ESF,819024169.39,0,819024169.39,74.64
Austria,2014,ERDF,81839972.53,0,81839972.53,68.42
Spain,2015,CF,144043281.13,0,144043281.13,95
Austria,2010,ERDF,66360472.22,0,66360472.22,24.28
Slovenia,2008,ERDF,58013382.24,58013382.24,0,5
Belgium,2009,ERDF,120522675.05,24757079.32,95765595.73,17.23
Bulgaria,2013,ESF,308282185.67,0,308282185.67,57.75
Cyprus,2014,ERDF,54246242.58,0,54246242.58,88.2
Finland,2013,ESF,123425596.89,0,123425596.89,78.56
France,2016,ESF,125546113.66,0,125546113.66,95
Croatia,2010,ERDF,3193359.67,0,3193359.67,7.05
Italy,2013,ESF,1239165928.15,0,1239165928.15,63.28
Austria,2011,ERDF,83961663.78,0,83961663.78,37.28
Italy,2009,ESF,633641895.47,173450197.46,460191698.01,14.11
Slovakia,2009,ESF,86558867.54,59984126.24,26574741.3,10.89
Sweden,2013,ERDF,149273070.2,0,149273070.2,75.58
Bulgaria,2011,TOTAL,539323917.85,0,539323917.85,23.83
Estonia,2015,TOTAL,90729492.8,0,90729492.8,95
Hungary,2011,CF,759628315.1,0,759628315.1,29.01
France,2007,ERDF,105212139.56,105212139.56,0,1.31
Slovenia,2010,TOTAL,465145164.45,0,465145164.45,24.8
Lithuania,2015,ESF,0,0,0,95
Cyprus,2012,CF,9105775.82,0,9105775.82,48.3
Bulgaria,2012,TOTAL,843560545.92,0,843560545.92,36.62
Sweden,2009,TOTAL,181387156.3,40652297.22,140734859.08,16.15
Belgium,2015,ERDF,54766613.57,0,54766613.57,93.65
Austria,2011,TOTAL,127691464.06,0,127691464.06,40.34
Netherlands,2010,ESF,67871383.55,0,67871383.55,16.08
Hungary,2015,TOTAL,3009882723.02,0,3009882723.02,88.37
Malta,2014,ERDF,118785358.58,0,118785358.58,74.66
Czech republic,2008,ESF,113235642.84,113235642.84,0,5.14
Malta,2011,ESF,10316696.87,0,10316696.87,22.97
Estonia,2014,TOTAL,376167102.79,0,376167102.79,92.33
Cyprus,2012,ESF,14178120.52,0,14178120.52,42.83
Germany,2009,ESF,1113761955.9,234516369.13,879245586.77,17.35
Netherlands,2014,ERDF,149565063.93,0,149565063.93,83.96
United Kingdom,2015,ESF,773607436.07,0,773607436.07,87.38
Portugal,2010,ERDF,1476161740.53,0,1476161740.53,22.83
Luxembourg,2016,ERDF,0,0,0,100
Poland,2016,ESF,0,0,0,100
Malta,2016,TOTAL,62030464.38,0,62030464.38,95.67
Malta,2016,ESF,0,0,0,100
Denmark,2016,ESF,0,0,0,100
Luxembourg,2016,TOTAL,0,0,0,100
Luxembourg,2016,ESF,0,0,0,100
Denmark,2016,TOTAL,0,0,0,100
Denmark,2016,ERDF,0,0,0,100
Finland,2016,ESF,0,0,0,99.98
Latvia,2016,ESF,0,0,0,100
Portugal,2016,ESF,0,0,0,100.02
Sweden,2016,ERDF,4739848.51,0,4739848.51,97.96
Netherlands,2016,ESF,7280466.41,0,7280466.41,99.23
Ireland,2016,ESF,22691862.67,0,22691862.67,100
Germany,2014,TOTAL,3182120676.76,0,3182120676.76,83.32
Spain,2014,ERDF,2491031202.36,0,2491031202.36,71.89
United Kingdom,2014,ERDF,1294844193.92,0,1294844193.92,75.58
Slovenia,2015,CF,434133484.57,0,434133484.57,95
United Kingdom,2013,ERDF,299911499.65,0,299911499.65,51.54
Croatia,2014,ERDF,99992581,68520000,31472581,46.53
Spain,2014,TOTAL,3473663438.21,0,3473663438.21,73
Spain,2012,TOTAL,5252970760.16,0,5252970760.16,51.88
Spain,2012,ERDF,3673468651.79,0,3673468651.79,49.22
Croatia,2015,CF,43531480.81,0,43531480.81,67.19
Slovenia,2014,CF,338557166.98,0,338557166.98,64.24
EU28,2012,ERDF,24690705840.46,0,24690705840.46,47.56
Germany,2012,TOTAL,3291270505.84,0,3291270505.84,54.13
Poland,2013,ERDF,5525909953.68,0,5525909953.68,71.66
United Kingdom,2012,TOTAL,1195674736.2,0,1195674736.2,50.99
Greece,2015,CF,331291071.41,0,331291071.41,98.85
Spain,2015,ERDF,3099386602.65,0,3099386602.65,85.34
EU28,2015,ERDF,22555749149.46,0,22555749149.46,88.32
Spain,2015,TOTAL,3823582975.91,0,3823582975.91,84.07
EU28,2013,CF,11177917717.49,0,11177917717.49,56.72
Poland,2014,TOTAL,11686981115.96,0,11686981115.96,85.25
Greece,2016,TOTAL,386660271.54,0,386660271.54,100
United Kingdom,2013,TOTAL,571783920.35,0,571783920.35,56.78
Croatia,2014,CF,86149873.15,59920000,26229873.15,51.7
United Kingdom,2015,ERDF,697403674.4,0,697403674.4,88.53
Spain,2013,TOTAL,3815875527.75,0,3815875527.75,62.94
Spain,2013,ERDF,2732400906.48,0,2732400906.48,61.08
Slovenia,2014,ERDF,298282490.11,0,298282490.11,91.91
Czech republic,2013,TOTAL,3522506023.77,0,3522506023.77,52.55
EU28,2014,CF,12816891709.8,59920000,12756971709.8,75.15
United Kingdom,2014,TOTAL,1613785654.51,0,1613785654.51,73.11
Poland,2015,TOTAL,6458114942.08,0,6458114942.08,94.86
Poland,2012,ERDF,5316207350.23,0,5316207350.23,55.78
United Kingdom,2012,ERDF,464281757.63,0,464281757.63,45.98
EU28,2013,ERDF,28381340565.77,0,28381340565.77,62.34
Croatia,2016,ERDF,80078078.46,0,80078078.46,77.41
Czech republic,2014,ERDF,1702366671.84,0,1702366671.84,64.31
Poland,2013,TOTAL,10475714627.6,0,10475714627.6,67.86
Croatia,2014,TOTAL,230140853.91,128440000,101700853.91,45.09
EU28,2014,ERDF,27341778778.3,68520000,27273258778.3,76.58
Croatia,2015,TOTAL,115744085.17,0,115744085.17,58.57
Greece,2015,TOTAL,1981927248.7,0,1981927248.7,98.09
Greece,2015,ERDF,1191002759.31,0,1191002759.31,98.95
Slovenia,2015,ERDF,59830426.04,0,59830426.04,95
Poland,2014,ERDF,5657379630.84,0,5657379630.84,87.93
Germany,2013,TOTAL,4250139440.24,0,4250139440.24,70.82
EU28,2015,CF,10491561469.86,0,10491561469.86,90.24
United Kingdom,2015,TOTAL,1471011110.47,0,1471011110.47,88.01
Greece,2016,ERDF,127063506.01,0,127063506.01,100
Germany,2013,ERDF,2324819734.63,0,2324819734.63,69.08
Czech republic,2013,ERDF,1131557686.4,0,1131557686.4,51.7
Poland,2012,TOTAL,10098196903.32,0,10098196903.32,52.26
Germany,2014,ERDF,2109052082.73,0,2109052082.73,82.18
Czech republic,2015,CF,1621564285.52,0,1621564285.52,80.61
Germany,2015,ERDF,1655039179.14,0,1655039179.14,92.46
Germany,2012,ERDF,2034296615.85,0,2034296615.85,54.64
Czech republic,2014,TOTAL,2911014429.71,0,2911014429.71,63.83
Poland,2015,ERDF,2369807526.46,0,2369807526.46,94.74
Czech republic,2016,CF,1243643872.04,0,1243643872.04,100
Slovenia,2014,TOTAL,771720056.98,0,771720056.98,81.72
Greece,2016,CF,42368475.54,0,42368475.54,100
Czech republic,2015,ERDF,2923469915.27,0,2923469915.27,85.97
Czech republic,2013,CF,1363040475.46,0,1363040475.46,51.45
Germany,2015,TOTAL,2329889666.26,0,2329889666.26,92.47
EU28,2015,TOTAL,40708945105.61,0,40708945105.61,88.92
Slovenia,2015,TOTAL,544627825.47,0,544627825.47,95
Croatia,2015,ERDF,51109673.13,0,51109673.13,58.56
Czech republic,2014,CF,899946865.77,0,899946865.77,61.86
Czech republic,2015,TOTAL,5345567193.2,0,5345567193.2,84.53
Spain,2016,CF,0,0,0,99.87
Croatia,2016,CF,78086567.22,0,78086567.22,95
Netherlands,2016,TOTAL,63524716.91,0,63524716.91,99.62
Netherlands,2016,ERDF,56244250.5,0,56244250.5,100
Austria,2016,ESF,0,0,0,95.5
Portugal,2016,CF,0,0,0,100
Belgium,2016,ESF,26707498.21,0,26707498.21,99.79
Cyprus,2016,ESF,0,0,0,100
Cyprus,2016,CF,18772194.59,0,18772194.59,100
Cyprus,2016,ERDF,0,0,0,100
Czech republic,2016,ERDF,967251437.17,0,967251437.17,96.33
Cyprus,2016,TOTAL,18772194.59,0,18772194.59,100
Sweden,2016,TOTAL,4739848.51,0,4739848.51,98.44
Sweden,2016,ESF,0,0,0,99.08
Germany,2016,ESF,164116542.91,0,164116542.91,97.17
Lithuania,2016,CF,0,0,0,100
Lithuania,2016,ERDF,0,0,0,100
Portugal,2016,TOTAL,4962393.45,0,4962393.45,100.01
Portugal,2016,ERDF,4962393.45,0,4962393.45,100
Latvia,2016,CF,0,0,0,100
Slovakia,2016,TOTAL,1111025925.8,0,1111025925.8,95.02
Slovakia,2016,ERDF,867509677.78,0,867509677.78,95.03
Latvia,2016,TOTAL,0,0,0,100
Latvia,2016,ERDF,0,0,0,100
Austria,2016,TOTAL,21339769.69,0,21339769.69,96.86
Austria,2016,ERDF,21339769.69,0,21339769.69,97.97
Slovenia,2016,CF,0,0,0,100
Slovenia,2016,ERDF,0,0,0,100
France,2016,TOTAL,389799714.21,0,389799714.21,97.55
Bulgaria,2016,ESF,6063573.56,0,6063573.56,99.86
Bulgaria,2016,CF,330874028.01,0,330874028.01,97.36
Ireland,2016,ERDF,15159718.49,0,15159718.49,100
Ireland,2016,TOTAL,37851581.16,0,37851581.16,100
Poland,2016,ERDF,91344710.82,0,91344710.82,100
Poland,2016,TOTAL,91344710.82,0,91344710.82,100
United Kingdom,2016,ERDF,348921369.82,0,348631332.87,97.79
United Kingdom,2016,ESF,342217667.95,0,342217667.95,95.18
United Kingdom,2016,TOTAL,691139037.77,0,690849000.82,96.6
Bulgaria,2016,ERDF,306994494.54,0,306994494.54,96.35
Bulgaria,2016,TOTAL,643932096.11,0,643932096.11,97.33
Finland,2016,ERDF,354020.67,0,354020.67,99.5
Finland,2016,TOTAL,354020.67,0,354020.67,99.69
France,2016,ERDF,264253600.55,0,264253600.55,99.29
Italy,2016,ESF,206580197.01,0,206580197.01,95.46
Italy,2016,TOTAL,3339601759.15,0,3339601759.15,93.2
Belgium,2016,TOTAL,33316102.6,0,33316102.6,99.89
Belgium,2016,ERDF,6608604.39,0,6608604.39,100
EU28,2016,ERDF,11085902267.62,0,11085612230.67,97.81
Spain,2016,ERDF,1613745397.2,0,1613745397.2,99.4
Hungary,2016,ESF,489596665.05,0,489596665.05,99.21
EU28,2016,ESF,3383564799.37,0,3383564799.37,97.67
Hungary,2016,TOTAL,1390975454.79,0,1390975454.79,98.73
EU28,2016,TOTAL,17608319256.49,0,17608029219.54,97.85
EU28,2013,TOTAL,52204376960.29,0,52204376960.29,62.04
EU28,2012,TOTAL,44034545493.44,0,44034545493.44,46.6
Lithuania,2010,TOTAL,871817945.1,87236983.94,784580961.16,34.14
EU28,2010,TOTAL,32158053650.49,768875558.68,31389178091.81,22.21
EU28,2008,TOTAL,11201850463.15,11083647378.69,118203084.46,5.28
Lithuania,2013,ESF,176983235.2,0,176983235.2,78.85
EU28,2007,ESF,1513921430.28,1513921430.28,0,1.98
EU28,2014,TOTAL,50103155431.03,128440000,49974715431.03,76.87
Lithuania,2014,TOTAL,1013149471.75,0,1013149471.75,93.73
Lithuania,2010,ESF,181391089.22,41132269.08,140258820.14,30.16
EU28,2013,ESF,12645118677.03,0,12645118677.03,66.15
Lithuania,2012,TOTAL,1013987422.91,0,1013987422.91,62.94
EU28,2010,ESF,6734850731.85,371348557.68,6363502174.17,23.09
EU28,2009,ESF,7006821306.98,2303327442.8,4703493864.18,14.26
Lithuania,2007,TOTAL,147036035.18,147036035.18,0,2.17
EU28,2012,ESF,10711517916.05,0,10711517916.05,49.59
EU28,2009,TOTAL,25045801293.11,11016932510.16,14028868782.95,12.69
EU28,2007,TOTAL,6644315933.22,6644315933.22,0,1.97
Lithuania,2016,TOTAL,0,0,0,99.99
Lithuania,2007,ESF,20566134.54,20566134.54,0,2
Lithuania,2009,ESF,77309826.92,41132269.08,36177557.84,12.52
EU28,2011,ESF,9519963975.27,0,9519963975.27,35.56
EU28,2008,ESF,2368158234.32,2275775106.97,92383127.35,5.09
Lithuania,2012,ESF,147386035.19,0,147386035.19,61.64
Lithuania,2011,ESF,176335363.94,0,176335363.94,47.31
Lithuania,2008,ESF,30849201.81,30849201.81,0,5
Lithuania,2014,ESF,166070503.83,0,166070503.83,95
EU28,2011,TOTAL,38378462156.96,6705000,38371757156.96,33.57
Lithuania,2008,TOTAL,226317142.12,226317142.12,0,5.51
Lithuania,2011,TOTAL,937791104.82,0,937791104.82,47.98
Lithuania,2013,TOTAL,1072505655.8,0,1072505655.8,78.77
Lithuania,2016,ESF,0,0,0,99.93
EU28,2014,ESF,9944484942.93,0,9944484942.93,79.18
Lithuania,2009,TOTAL,1067875085.83,271019712.92,796855372.91,21.27
Slovenia,2016,ESF,0,0,0,100
Croatia,2016,ESF,31614612.4,0,31614612.4,68.67
Croatia,2016,TOTAL,189779258.08,0,189779258.08,81.62
Slovenia,2016,TOTAL,0,0,0,100
Italy,2016,ERDF,3133021562.14,0,3133021562.14,92.46
Germany,2016,ERDF,383090876.23,0,383090876.23,97.48
Germany,2016,TOTAL,547207419.14,0,547207419.14,97.37
EU28,2016,CF,3138852189.5,0,3138852189.5,98.19
Hungary,2016,ERDF,733557245.99,0,733557245.99,99.66
Spain,2016,ESF,851737309.14,0,851737309.14,99.79
Czech republic,2016,ESF,239621386.94,0,239621386.94,98.06
Spain,2016,TOTAL,2465482706.34,0,2465482706.34,99.54
Czech republic,2016,TOTAL,2450516696.15,0,2450516696.15,97.81
Hungary,2016,CF,167821543.75,0,167821543.75,97.1
